<?xml version="1.0"?>
<doc>
    <assembly>
        <name>Microsoft.ServiceFabric.FabricTransport</name>
    </assembly>
    <members>
        <member name="M:Microsoft.ServiceFabric.FabricTransport.Client.IFabricTransportCallbackMessageHandler.RequestResponseAsync(System.Byte[],System.Byte[])">
            <summary>
            Sends a message to the client and gets the response.
            </summary>
            <param name="messageHeaders">Message headers</param>
            <param name="requestBody">Message body</param>
            <returns>Response body</returns>
        </member>
        <member name="M:Microsoft.ServiceFabric.FabricTransport.Client.IFabricTransportCallbackMessageHandler.OneWayMessage(System.Byte[],System.Byte[])">
            <summary>
            Sends a one way message to the client.
            </summary>
            <param name="messageHeaders">Message headers</param>
            <param name="requestBody">Message body</param>
        </member>
        <member name="M:Microsoft.ServiceFabric.FabricTransport.FabricServiceConfig.Initialize(System.String,Microsoft.ServiceFabric.FabricTransport.IFabricServiceConfigParser)">
            <summary>
            It will initialize the FabricServiceConfig with settings loaded from fullFilePath .
            If File not found, it will return false.
            if initialized successfully , it returns true.
            </summary>
            <param name="fullFilePath"></param>
            <param name="configParser"></param>
            <returns></returns>
        </member>
        <member name="T:Microsoft.ServiceFabric.FabricTransport.FabricTransportSettings">
            <summary>
            Settings that configures the  FabricTransport communication.
            </summary>
        </member>
        <member name="M:Microsoft.ServiceFabric.FabricTransport.FabricTransportSettings.#ctor">
            <summary>
            Creates a new FabricTransportSettings with default Values.
            </summary>
        </member>
        <member name="P:Microsoft.ServiceFabric.FabricTransport.FabricTransportSettings.OperationTimeout">
            <summary>
            Operation Timeout  which governs the whole process of sending a message, including receiving a reply message for a request/reply service operation.
             This timeout also applies when sending reply messages from a callback contract method.
            </summary>
            <value>OperationTimeout as <see cref="T:System.TimeSpan"/></value>
            <remarks>Default Value for Operation Timeout is set as 5 mins</remarks>
        </member>
        <member name="P:Microsoft.ServiceFabric.FabricTransport.FabricTransportSettings.KeepAliveTimeout">
            <summary>
            KeepAliveTimeout is provides a way to configure  Tcp keep-alive option.
            </summary>
            <value>KeepAliveTimeout as <see cref="T:System.TimeSpan"/></value>
            <remarks>Default Value for KeepAliveTimeout Timeout is set as TimeSpan.Zero. which indicates we disable the tcp keepalive option.
            If you are using loadbalancer , you may need to configure this in order to avoid  the loadbalancer to close the connection after certain time </remarks>
        </member>
        <member name="P:Microsoft.ServiceFabric.FabricTransport.FabricTransportSettings.ConnectTimeout">
            <summary>
            Connect timeout specifies the maximum time allowed for the connection to be established successfully.
            </summary>
            <value>ConnectTimeout as <see cref="T:System.TimeSpan"/></value>
            <remarks>Default Value for ConnectTimeout Timeout is set as 5 seconds.</remarks>
        </member>
        <member name="P:Microsoft.ServiceFabric.FabricTransport.FabricTransportSettings.MaxMessageSize">
            <summary>
            MaxMessageSize represents  the maximum size for a message that can be received on a channel configured with this setting.
            </summary>
            <value>Maximum size of the message in bytes.
            </value>
            <remarks>
            Default Value for MaxMessageSize used is 4194304 bytes
            </remarks>
        </member>
        <member name="P:Microsoft.ServiceFabric.FabricTransport.FabricTransportSettings.MaxQueueSize">
            <summary>
            The maximum size, of a queue that stores messages while they are processed for an endpoint configured with this setting. 
            </summary>
            <value> Max Size for a Queue that recieves messages from the channel 
            </value>
            <remarks>
            Default value is 10,000 messages</remarks>
        </member>
        <member name="P:Microsoft.ServiceFabric.FabricTransport.FabricTransportSettings.MaxConcurrentCalls">
            <summary>
            MaxConcurrentCalls represents maximum number of messages actively service processes at one time.
             </summary>
             <value>
            MaxConcurrentCalls is  the upper limit of active messages in the service.
             </value>
             <remarks>
                Default  value for the MaxConcurrentCalls is 16*Number of processors.
             </remarks>
        </member>
        <member name="P:Microsoft.ServiceFabric.FabricTransport.FabricTransportSettings.SecurityCredentials">
             <summary>
             Security credentials for securing the communication 
             </summary>
             <value>SecurityCredentials as  <see cref="T:System.Fabric.SecurityCredentials"/>
             </value>
             <remarks>
             Default Value for SecurityCredentials is None
             SecurityCredential can be of type x509SecurityCredentail <seealso cref="T:System.Fabric.X509Credentials"/>or
              WindowsCredentials <seealso cref="T:System.Fabric.WindowsCredentials"/>
            </remarks>
        </member>
        <member name="M:Microsoft.ServiceFabric.FabricTransport.FabricTransportSettings.LoadFrom(System.String,System.String,System.String)">
            <summary>
            Loads the FabricTransport settings from a sectionName specified in the configuration file 
            Configuration File can be specified using the filePath or using the name of the configuration package specified in the service manifest .
            It will first try to load config using configPackageName . if configPackageName is not specified then try to load  from filePath.
            </summary>
            <param name="sectionName">Name of the section within the configuration file. If not found section in configuration file, it will throw ArgumentException</param>
            <param name="filepath"> Full path of the file where the settings will be loaded from. 
             If not specified , it will first try to load from default Config Package"Config" , if not found then load from Settings "ClientExeName.Settings.xml" present in Client Exe directory. </param>
             <param name="configPackageName"> Name of the configuration package.If its null or empty,it will check for file in filePath</param>
            <returns>FabricTransportSettings</returns>
            <remarks>
            The following are the parameter names that should be provided in the configuration file,to be recognizable by service fabric to load the transport settings.
                
                1. MaxQueueSize - <see cref="P:Microsoft.ServiceFabric.FabricTransport.FabricTransportSettings.MaxQueueSize"/>value in long.
                2. MaxMessageSize - <see cref="P:Microsoft.ServiceFabric.FabricTransport.FabricTransportSettings.MaxMessageSize"/>value in bytes.
                3. MaxConcurrentCalls - <see cref="P:Microsoft.ServiceFabric.FabricTransport.FabricTransportSettings.MaxConcurrentCalls"/>value in long.
                4. SecurityCredentials - <see cref="P:Microsoft.ServiceFabric.FabricTransport.FabricTransportSettings.SecurityCredentials"/> value.
                5. OperationTimeoutInSeconds - <see cref="P:Microsoft.ServiceFabric.FabricTransport.FabricTransportSettings.OperationTimeout"/> value in seconds.
                6. KeepAliveTimeoutInSeconds - <see cref="P:Microsoft.ServiceFabric.FabricTransport.FabricTransportSettings.KeepAliveTimeout"/> value in seconds.
                7. ConnectTimeoutInMilliseconds - <see cref="P:Microsoft.ServiceFabric.FabricTransport.FabricTransportSettings.ConnectTimeout"/> value in milliseconds.
            </remarks>
        </member>
        <member name="M:Microsoft.ServiceFabric.FabricTransport.FabricTransportSettings.TryLoadFrom(System.String,Microsoft.ServiceFabric.FabricTransport.FabricTransportSettings@,System.String,System.String)">
            <summary>
            Try to load the FabricTransport settings from a sectionName specified in the configuration file.
            Configuration File can be specified using the filePath or using the name of the configuration package specified in the service manifest .
            It will first try to load config using configPackageName . if configPackageName is not specified then try to load  from filePath.
            </summary>
            <param name="sectionName">Name of the section within the configuration file. If not found section in configuration file, it return false</param>
            <param name="filepath"> Full path of the file where the settings will be loaded from. 
             If not specified , it will first try to load from default Config Package"Config" , if not found then load from Settings "ClientExeName.Settings.xml" present in Client Exe directory. </param>
             <param name="configPackageName"> Name of the configuration package. If its null or empty,it will check for file in filePath</param>
            <param name="settings">When this method returns it sets the <see cref="T:Microsoft.ServiceFabric.FabricTransport.FabricTransportSettings"/> settings if load from Config succeeded. If fails ,its sets settings to null/> </param>
            <returns><see cref="T:System.Boolean"/> specifies whether the settings get loaded successfully from Config.
            It returns true when load from Config succeeded, else return false. </returns>
            <remarks>
            The following are the parameter names that should be provided in the configuration file,to be recognizable by service fabric to load the transport settings.
                
                1. MaxQueueSize - <see cref="P:Microsoft.ServiceFabric.FabricTransport.FabricTransportSettings.MaxQueueSize"/>value in long.
                2. MaxMessageSize - <see cref="P:Microsoft.ServiceFabric.FabricTransport.FabricTransportSettings.MaxMessageSize"/>value in bytes.
                3. MaxConcurrentCalls - <see cref="P:Microsoft.ServiceFabric.FabricTransport.FabricTransportSettings.MaxConcurrentCalls"/>value in long.
                4. SecurityCredentials - <see cref="P:Microsoft.ServiceFabric.FabricTransport.FabricTransportSettings.SecurityCredentials"/> value.
                5. OperationTimeoutInSeconds - <see cref="P:Microsoft.ServiceFabric.FabricTransport.FabricTransportSettings.OperationTimeout"/> value in seconds.
                6. KeepAliveTimeoutInSeconds - <see cref="P:Microsoft.ServiceFabric.FabricTransport.FabricTransportSettings.KeepAliveTimeout"/> value in seconds.
                7. ConnectTimeoutInMilliseconds - <see cref="P:Microsoft.ServiceFabric.FabricTransport.FabricTransportSettings.ConnectTimeout"/> value in milliseconds.
            </remarks>
        </member>
        <member name="M:Microsoft.ServiceFabric.FabricTransport.FabricTransportSettings.GetDefault(System.String)">
             <summary>
             FabricTransportSettings returns the default Settings .Loads the configuration file from default Config Package"Config" , if not found then try to load from  default config file "ClientExeName.Settings.xml"  from Client Exe directory.
            </summary>
             <param name="sectionName">Name of the section within the configuration file. If not found section in configuration file, it will return the default Settings</param>
             <returns></returns>
        </member>
        <member name="T:Microsoft.ServiceFabric.FabricTransport.NativeServiceCommunication.IFabricCommunicationMessageHandler">
                
        </member>
        <member name="T:Microsoft.ServiceFabric.FabricTransport.Runtime.FabricTransportListenerSettings">
             <summary>
            Settings that configures the  FabricTransport Listener.
             </summary>
        </member>
        <member name="M:Microsoft.ServiceFabric.FabricTransport.Runtime.FabricTransportListenerSettings.#ctor">
            <summary>
            Creates a new instance of FabricTransportListenerSettings and initializes properties with default Values.
            </summary>
        </member>
        <member name="P:Microsoft.ServiceFabric.FabricTransport.Runtime.FabricTransportListenerSettings.EndpointResourceName">
            <summary>
            EndpointResourceName is name of the endpoint resource specified in ServiceManifest .This is used to obtain the port number on which to
            service will listen. 
            </summary>
            <value>
            EndpointResourceName is  name of the  endpoint resource defined in the service manifest.
            </value>
            <remarks>
            Default value of EndpointResourceName  is "ServiceEndpoint" </remarks>
        </member>
        <member name="M:Microsoft.ServiceFabric.FabricTransport.Runtime.FabricTransportListenerSettings.LoadFrom(System.String,System.String)">
            <summary>
            Loads the FabricTransport settings from a section specified in the service settings configuration file - settings.xml 
            </summary>
            <param name="sectionName">Name of the section within the configuration file. if not found , it throws ArgumentException.</param>
            <param name="configPackageName"> Name of the configuration package. if not found Settings.xml in the configuration package path, it throws ArgumentException. 
            If not specified, default name is "Config"</param>
            <returns>FabricTransportListenerSettings</returns>
            <remarks>
            The following are the parameter names that should be provided in the configuration file,to be recognizable by service fabric to load the transport settings.
                
                1. MaxQueueSize - <see cref="P:Microsoft.ServiceFabric.FabricTransport.FabricTransportSettings.MaxQueueSize"/>value in long.
                2. MaxMessageSize - <see cref="P:Microsoft.ServiceFabric.FabricTransport.FabricTransportSettings.MaxMessageSize"/>value in bytes.
                3. MaxConcurrentCalls - <see cref="P:Microsoft.ServiceFabric.FabricTransport.FabricTransportSettings.MaxConcurrentCalls"/>value in long.
                4. SecurityCredentials - <see cref="P:Microsoft.ServiceFabric.FabricTransport.FabricTransportSettings.SecurityCredentials"/> value.
                5. OperationTimeoutInSeconds - <see cref="P:Microsoft.ServiceFabric.FabricTransport.FabricTransportSettings.OperationTimeout"/> value in seconds.
                6. KeepAliveTimeoutInSeconds - <see cref="P:Microsoft.ServiceFabric.FabricTransport.FabricTransportSettings.KeepAliveTimeout"/> value in seconds.
            </remarks>
        </member>
        <member name="M:Microsoft.ServiceFabric.FabricTransport.Runtime.FabricTransportListenerSettings.TryLoadFrom(System.String,Microsoft.ServiceFabric.FabricTransport.Runtime.FabricTransportListenerSettings@,System.String)">
            <summary>
            Try to load the FabricTransport settings from a section specified in the service settings configuration file - settings.xml 
            </summary>
            <param name="sectionName">Name of the section within the configuration file. if not found , it return false</param>
            <param name="configPackageName"> Name of the configuration package. if not found Settings.xml in the configuration package path, it return false. 
            If not specified, default name is "Config"</param>
            <param name="listenerSettings">When this method returns it sets the <see cref="T:Microsoft.ServiceFabric.FabricTransport.Runtime.FabricTransportListenerSettings"/> listenersettings if load from Config succeeded. If fails ,its sets listenerSettings to null/> </param>
            <returns> <see cref="T:System.Boolean"/> specifies whether the settings get loaded successfully from Config.
            It returns true when load from Config succeeded, else return false.</returns>
            <remarks>
            The following are the parameter names that should be provided in the configuration file,to be recognizable by service fabric to load the transport settings.
                
                1. MaxQueueSize - <see cref="P:Microsoft.ServiceFabric.FabricTransport.FabricTransportSettings.MaxQueueSize"/>value in long.
                2. MaxMessageSize - <see cref="P:Microsoft.ServiceFabric.FabricTransport.FabricTransportSettings.MaxMessageSize"/>value in bytes.
                3. MaxConcurrentCalls - <see cref="P:Microsoft.ServiceFabric.FabricTransport.FabricTransportSettings.MaxConcurrentCalls"/>value in long.
                4. SecurityCredentials - <see cref="P:Microsoft.ServiceFabric.FabricTransport.FabricTransportSettings.SecurityCredentials"/> value.
                5. OperationTimeoutInSeconds - <see cref="P:Microsoft.ServiceFabric.FabricTransport.FabricTransportSettings.OperationTimeout"/> value in seconds.
                6. KeepAliveTimeoutInSeconds - <see cref="P:Microsoft.ServiceFabric.FabricTransport.FabricTransportSettings.KeepAliveTimeout"/> value in seconds.
            </remarks>
        </member>
        <member name="M:Microsoft.ServiceFabric.FabricTransport.Runtime.FabricTransportListenerSettings.GetDefault(System.String)">
             <summary>
             FabricTransportListenerSettings returns the default Settings .Loads the configuration file from default Config Package"Config" .
            </summary>
             <param name="sectionName">Name of the section within the configuration file. If not found section in configuration file, it will return the default Settings</param>
             <returns></returns>
        </member>
        <member name="T:Microsoft.ServiceFabric.FabricTransport.Runtime.IFabricTransportMessageHandler">
            <summary>
            Defines the interface that must be implemented by the ServiceRemotingListener to receive messages from the
            remoting transport.
            </summary>
        </member>
        <member name="M:Microsoft.ServiceFabric.FabricTransport.Runtime.IFabricTransportMessageHandler.RequestResponseAsync(Microsoft.ServiceFabric.FabricTransport.Runtime.FabricTransportRequestContext,System.Byte[],System.Byte[])">
            <summary>
            Handles a message from the client that requires a response from the service.
            </summary>
            <param name="requestContext">Request context - contains additional information about the request</param>
            <param name="messageHeaders">Request message headers</param>
            <param name="requestBody">Request message body</param>
            <returns>Response body</returns>
        </member>
        <member name="M:Microsoft.ServiceFabric.FabricTransport.Runtime.IFabricTransportMessageHandler.HandleOneWay(Microsoft.ServiceFabric.FabricTransport.Runtime.FabricTransportRequestContext,System.Byte[],System.Byte[])">
            <summary>
            Handles a one way message from the client.
            </summary>
            <param name="requestContext">Request context - contains additional information about the request</param>
            <param name="messageHeaders">Request message headers</param>
            <param name="requestBody">Request message body</param>
        </member>
        <member name="T:Microsoft.ServiceFabric.FabricTransport.SR">
            <summary>
              A strongly-typed resource class, for looking up localized strings, etc.
            </summary>
        </member>
        <member name="P:Microsoft.ServiceFabric.FabricTransport.SR.ResourceManager">
            <summary>
              Returns the cached ResourceManager instance used by this class.
            </summary>
        </member>
        <member name="P:Microsoft.ServiceFabric.FabricTransport.SR.Culture">
            <summary>
              Overrides the current thread's CurrentUICulture property for all
              resource lookups using this strongly typed resource class.
            </summary>
        </member>
        <member name="P:Microsoft.ServiceFabric.FabricTransport.SR.Error_ConnectionDenied">
            <summary>
              Looks up a localized string similar to Client is Not authorized to connect.
            </summary>
        </member>
        <member name="P:Microsoft.ServiceFabric.FabricTransport.SR.Error_InvalidOperation">
            <summary>
              Looks up a localized string similar to Invalid Client for remoting..
            </summary>
        </member>
        <member name="P:Microsoft.ServiceFabric.FabricTransport.SR.ErrorClientCallbackChannelNotFound">
            <summary>
              Looks up a localized string similar to CallBack Channel Not Found for this ClientId  : &apos;{0}&apos;.
            </summary>
        </member>
        <member name="P:Microsoft.ServiceFabric.FabricTransport.SR.ErrorConfigFileNotFound">
            <summary>
              Looks up a localized string similar to Config File was Not Found in this path {0}.
            </summary>
        </member>
        <member name="P:Microsoft.ServiceFabric.FabricTransport.SR.ErrorConfigPackageNotFound">
            <summary>
              Looks up a localized string similar to ConfigPackageName {0} was not found..
            </summary>
        </member>
        <member name="P:Microsoft.ServiceFabric.FabricTransport.SR.ErrorInvalidAddress">
            <summary>
              Looks up a localized string similar to Client is trying to connect to invalid address {0}..
            </summary>
        </member>
        <member name="P:Microsoft.ServiceFabric.FabricTransport.SR.ErrorSectionNameNotFound">
            <summary>
              Looks up a localized string similar to SectionName {0} was Not Found in the Settings File.
            </summary>
        </member>
        <member name="P:Microsoft.ServiceFabric.FabricTransport.SR.ErrorServiceTooBusy">
            <summary>
              Looks up a localized string similar to This can happen if message is dropped when service is busy or its long running operation and taking more time than configured Operation Timeout..
            </summary>
        </member>
    </members>
</doc>
