﻿<?xml version="1.0" encoding="utf-8"?>
<Application xmlns:xsd="http://www.w3.org/2001/XMLSchema" xmlns:xsi="http://www.w3.org/2001/XMLSchema-instance" Name="fabric:/TSEIS1" xmlns="http://schemas.microsoft.com/2011/01/fabric">
  <Parameters>
    <Parameter Name="Seller_InstanceCount" Value="-1" />
    <Parameter Name="Matcher2_PartitionCount" Value="1" />
    <Parameter Name="Matcher2_MinReplicaSetSize" Value="3" />
    <Parameter Name="Matcher2_TargetReplicaSetSize" Value="3" />
    <Parameter Name="Matcher_PartitionCount" Value="1" />
    <Parameter Name="Matcher_MinReplicaSetSize" Value="3" />
    <Parameter Name="Matcher_TargetReplicaSetSize" Value="3" />
    <Parameter Name="Buyer_InstanceCount" Value="-1" />
  </Parameters>
</Application>